date,new_constructed_units,unemployment_rate,interest_rates,income,home_price_index,per_capita_gdp,urban_population
01-01-1947,NA,NA,NA,NA,NA,15248,NA
01-02-1947,NA,NA,NA,NA,NA,15248,NA
01-03-1947,NA,NA,NA,NA,NA,15248,NA
01-04-1947,NA,NA,NA,NA,NA,15139,NA
01-05-1947,NA,NA,NA,NA,NA,15139,NA
01-06-1947,NA,NA,NA,NA,NA,15139,NA
01-07-1947,NA,NA,NA,NA,NA,15039,NA
01-08-1947,NA,NA,NA,NA,NA,15039,NA
01-09-1947,NA,NA,NA,NA,NA,15039,NA
01-10-1947,NA,NA,NA,NA,NA,15204,NA
01-11-1947,NA,NA,NA,NA,NA,15204,NA
01-12-1947,NA,NA,NA,NA,NA,15204,NA
01-01-1948,NA,3.4,NA,NA,NA,15371,NA
01-02-1948,NA,3.8,NA,NA,NA,15371,NA
01-03-1948,NA,4,NA,NA,NA,15371,NA
01-04-1948,NA,3.9,NA,NA,NA,15563,NA
01-05-1948,NA,3.5,NA,NA,NA,15563,NA
01-06-1948,NA,3.6,NA,NA,NA,15563,NA
01-07-1948,NA,3.6,NA,NA,NA,15585,NA
01-08-1948,NA,3.9,NA,NA,NA,15585,NA
01-09-1948,NA,3.8,NA,NA,NA,15585,NA
01-10-1948,NA,3.7,NA,NA,NA,15530,NA
01-11-1948,NA,3.8,NA,NA,NA,15530,NA
01-12-1948,NA,4,NA,NA,NA,15530,NA
01-01-1949,NA,4.3,NA,NA,NA,15250,NA
01-02-1949,NA,4.7,NA,NA,NA,15250,NA
01-03-1949,NA,5,NA,NA,NA,15250,NA
01-04-1949,NA,5.3,NA,NA,NA,15137,NA
01-05-1949,NA,6.1,NA,NA,NA,15137,NA
01-06-1949,NA,6.2,NA,NA,NA,15137,NA
01-07-1949,NA,6.7,NA,NA,NA,15228,NA
01-08-1949,NA,6.8,NA,NA,NA,15228,NA
01-09-1949,NA,6.6,NA,NA,NA,15228,NA
01-10-1949,NA,7.9,NA,NA,NA,15032,NA
01-11-1949,NA,6.4,NA,NA,NA,15032,NA
01-12-1949,NA,6.6,NA,NA,NA,15032,NA
01-01-1950,NA,6.5,NA,NA,NA,15559,NA
01-02-1950,NA,6.4,NA,NA,NA,15559,NA
01-03-1950,NA,6.3,NA,NA,NA,15559,NA
01-04-1950,NA,5.8,NA,NA,NA,15977,NA
01-05-1950,NA,5.5,NA,NA,NA,15977,NA
01-06-1950,NA,5.4,NA,NA,NA,15977,NA
01-07-1950,NA,5,NA,NA,NA,16524,NA
01-08-1950,NA,4.5,NA,NA,NA,16524,NA
01-09-1950,NA,4.4,NA,NA,NA,16524,NA
01-10-1950,NA,4.2,NA,NA,NA,16764,NA
01-11-1950,NA,4.2,NA,NA,NA,16764,NA
01-12-1950,NA,4.3,NA,NA,NA,16764,NA
01-01-1951,NA,3.7,NA,NA,NA,16922,NA
01-02-1951,NA,3.4,NA,NA,NA,16922,NA
01-03-1951,NA,3.4,NA,NA,NA,16922,NA
01-04-1951,NA,3.1,NA,NA,NA,17147,NA
01-05-1951,NA,3,NA,NA,NA,17147,NA
01-06-1951,NA,3.2,NA,NA,NA,17147,NA
01-07-1951,NA,3.1,NA,NA,NA,17420,NA
01-08-1951,NA,3.1,NA,NA,NA,17420,NA
01-09-1951,NA,3.3,NA,NA,NA,17420,NA
01-10-1951,NA,3.5,NA,NA,NA,17375,NA
01-11-1951,NA,3.5,NA,NA,NA,17375,NA
01-12-1951,NA,3.1,NA,NA,NA,17375,NA
01-01-1952,NA,3.2,NA,NA,NA,17490,NA
01-02-1952,NA,3.1,NA,NA,NA,17490,NA
01-03-1952,NA,2.9,NA,NA,NA,17490,NA
01-04-1952,NA,2.9,NA,NA,NA,17459,NA
01-05-1952,NA,3,NA,NA,NA,17459,NA
01-06-1952,NA,3,NA,NA,NA,17459,NA
01-07-1952,NA,3.2,NA,NA,NA,17509,NA
01-08-1952,NA,3.4,NA,NA,NA,17509,NA
01-09-1952,NA,3.1,NA,NA,NA,17509,NA
01-10-1952,NA,3,NA,NA,NA,18001,NA
01-11-1952,NA,2.8,NA,NA,NA,18001,NA
01-12-1952,NA,2.7,NA,NA,NA,18001,NA
01-01-1953,NA,2.9,NA,NA,NA,18268,NA
01-02-1953,NA,2.6,NA,NA,NA,18268,NA
01-03-1953,NA,2.6,NA,NA,NA,18268,NA
01-04-1953,NA,2.7,NA,NA,NA,18341,NA
01-05-1953,NA,2.5,NA,NA,NA,18341,NA
01-06-1953,NA,2.5,NA,NA,NA,18341,NA
01-07-1953,NA,2.6,NA,NA,NA,18155,NA
01-08-1953,NA,2.7,NA,NA,NA,18155,NA
01-09-1953,NA,2.9,NA,NA,NA,18155,NA
01-10-1953,NA,3.1,NA,NA,NA,17797,NA
01-11-1953,NA,3.5,NA,NA,NA,17797,NA
01-12-1953,NA,4.5,NA,NA,NA,17797,NA
01-01-1954,NA,4.9,NA,NA,NA,17636,NA
01-02-1954,NA,5.2,NA,NA,NA,17636,NA
01-03-1954,NA,5.7,NA,NA,NA,17636,NA
01-04-1954,NA,5.9,NA,NA,NA,17584,NA
01-05-1954,NA,5.9,NA,NA,NA,17584,NA
01-06-1954,NA,5.6,NA,NA,NA,17584,NA
01-07-1954,NA,5.8,0.8,NA,NA,17701,NA
01-08-1954,NA,6,1.22,NA,NA,17701,NA
01-09-1954,NA,6.1,1.07,NA,NA,17701,NA
01-10-1954,NA,5.7,0.85,NA,NA,17960,NA
01-11-1954,NA,5.3,0.83,NA,NA,17960,NA
01-12-1954,NA,5,1.28,NA,NA,17960,NA
01-01-1955,NA,4.9,1.39,NA,NA,18396,NA
01-02-1955,NA,4.7,1.29,NA,NA,18396,NA
01-03-1955,NA,4.6,1.35,NA,NA,18396,NA
01-04-1955,NA,4.7,1.43,NA,NA,18621,NA
01-05-1955,NA,4.3,1.43,NA,NA,18621,NA
01-06-1955,NA,4.2,1.64,NA,NA,18621,NA
01-07-1955,NA,4,1.68,NA,NA,18787,NA
01-08-1955,NA,4.2,1.96,NA,NA,18787,NA
01-09-1955,NA,4.1,2.18,NA,NA,18787,NA
01-10-1955,NA,4.3,2.24,NA,NA,18808,NA
01-11-1955,NA,4.2,2.35,NA,NA,18808,NA
01-12-1955,NA,4.2,2.48,NA,NA,18808,NA
01-01-1956,NA,4,2.45,NA,NA,18658,NA
01-02-1956,NA,3.9,2.5,NA,NA,18658,NA
01-03-1956,NA,4.2,2.5,NA,NA,18658,NA
01-04-1956,NA,4,2.62,NA,NA,18736,NA
01-05-1956,NA,4.3,2.75,NA,NA,18736,NA
01-06-1956,NA,4.3,2.71,NA,NA,18736,NA
01-07-1956,NA,4.4,2.75,NA,NA,18632,NA
01-08-1956,NA,4.1,2.73,NA,NA,18632,NA
01-09-1956,NA,3.9,2.95,NA,NA,18632,NA
01-10-1956,NA,3.9,2.96,NA,NA,18845,NA
01-11-1956,NA,4.3,2.88,NA,NA,18845,NA
01-12-1956,NA,4.2,2.94,NA,NA,18845,NA
01-01-1957,NA,4.2,2.84,NA,NA,18881,NA
01-02-1957,NA,3.9,3,NA,NA,18881,NA
01-03-1957,NA,3.7,2.96,NA,NA,18881,NA
01-04-1957,NA,3.9,3,NA,NA,18763,NA
01-05-1957,NA,4.1,3,NA,NA,18763,NA
01-06-1957,NA,4.3,3,NA,NA,18763,NA
01-07-1957,NA,4.2,2.99,NA,NA,18862,NA
01-08-1957,NA,4.1,3.24,NA,NA,18862,NA
01-09-1957,NA,4.4,3.47,NA,NA,18862,NA
01-10-1957,NA,4.5,3.5,NA,NA,18582,NA
01-11-1957,NA,5.1,3.28,NA,NA,18582,NA
01-12-1957,NA,5.2,2.98,NA,NA,18582,NA
01-01-1958,NA,5.8,2.72,NA,NA,18032,NA
01-02-1958,NA,6.4,1.67,NA,NA,18032,NA
01-03-1958,NA,6.7,1.2,NA,NA,18032,NA
01-04-1958,NA,7.4,1.26,NA,NA,18081,NA
01-05-1958,NA,7.4,0.63,NA,NA,18081,NA
01-06-1958,NA,7.3,0.93,NA,NA,18081,NA
01-07-1958,NA,7.5,0.68,NA,NA,18419,NA
01-08-1958,NA,7.4,1.53,NA,NA,18419,NA
01-09-1958,NA,7.1,1.76,NA,NA,18419,NA
01-10-1958,NA,6.7,1.8,NA,NA,18764,NA
01-11-1958,NA,6.2,2.27,NA,NA,18764,NA
01-12-1958,NA,6.2,2.42,NA,NA,18764,NA
01-01-1959,NA,6,2.48,2318.4,NA,19041,NA
01-02-1959,NA,5.9,2.43,2325.4,NA,19041,NA
01-03-1959,NA,5.6,2.8,2338.7,NA,19041,NA
01-04-1959,NA,5.2,2.96,2353.8,NA,19395,NA
01-05-1959,NA,5.1,2.9,2366.6,NA,19395,NA
01-06-1959,NA,5,3.39,2374.5,NA,19395,NA
01-07-1959,NA,5.1,3.47,2370.8,NA,19326,NA
01-08-1959,NA,5.2,3.5,2356.8,NA,19326,NA
01-09-1959,NA,5.5,3.76,2357.8,NA,19326,NA
01-10-1959,NA,5.7,3.98,2359.5,NA,19296,NA
01-11-1959,NA,5.8,4,2376.6,NA,19296,NA
01-12-1959,NA,5.3,3.99,2399.7,NA,19296,NA
01-01-1960,NA,5.2,3.99,2404.9,NA,19614,69.996
01-02-1960,NA,4.8,3.97,2405.3,NA,19614,69.996
01-03-1960,NA,5.4,3.84,2408.1,NA,19614,69.996
01-04-1960,NA,5.2,3.92,2417.3,NA,19392,69.996
01-05-1960,NA,5.1,3.85,2422.6,NA,19392,69.996
01-06-1960,NA,5.4,3.32,2424.9,NA,19392,69.996
01-07-1960,NA,5.5,3.23,2428.8,NA,19390,69.996
01-08-1960,NA,5.6,2.98,2423.3,NA,19390,69.996
01-09-1960,NA,5.5,2.6,2426.7,NA,19390,69.996
01-10-1960,NA,6.1,2.47,2435.6,NA,19065,69.996
01-11-1960,NA,6.1,2.44,2425.5,NA,19065,69.996
01-12-1960,NA,6.6,1.98,2414.6,NA,19065,69.996
01-01-1961,NA,6.6,1.45,2437.9,NA,19130,70.377
01-02-1961,NA,6.9,2.54,2448.1,NA,19130,70.377
01-03-1961,NA,6.9,2.02,2458.4,NA,19130,70.377
01-04-1961,NA,7,1.49,2463.4,NA,19380,70.377
01-05-1961,NA,7.1,1.98,2483.5,NA,19380,70.377
01-06-1961,NA,6.9,1.73,2509.1,NA,19380,70.377
01-07-1961,NA,7,1.17,2517.6,NA,19670,70.377
01-08-1961,NA,6.6,2,2517.7,NA,19670,70.377
01-09-1961,NA,6.7,1.88,2519.9,NA,19670,70.377
01-10-1961,NA,6.5,2.26,2546.6,NA,19970,70.377
01-11-1961,NA,6.1,2.61,2570.1,NA,19970,70.377
01-12-1961,NA,6,2.33,2585.8,NA,19970,70.377
01-01-1962,NA,5.8,2.15,2579.4,NA,20254,70.757
01-02-1962,NA,5.5,2.37,2590.9,NA,20254,70.757
01-03-1962,NA,5.6,2.85,2608.1,NA,20254,70.757
01-04-1962,NA,5.6,2.78,2619.6,NA,20366,70.757
01-05-1962,NA,5.5,2.36,2621.1,NA,20366,70.757
01-06-1962,NA,5.5,2.68,2621.6,NA,20366,70.757
01-07-1962,NA,5.4,2.71,2633,NA,20536,70.757
01-08-1962,NA,5.7,2.93,2635.5,NA,20536,70.757
01-09-1962,NA,5.6,2.9,2636.3,NA,20536,70.757
01-10-1962,NA,5.4,2.9,2649.3,NA,20521,70.757
01-11-1962,NA,5.7,2.94,2656.5,NA,20521,70.757
01-12-1962,NA,5.5,2.93,2669,NA,20521,70.757
01-01-1963,NA,5.7,2.92,2688.2,NA,20677,71.134
01-02-1963,NA,5.9,3,2672.3,NA,20677,71.134
01-03-1963,NA,5.7,2.98,2683.6,NA,20677,71.134
01-04-1963,NA,5.7,2.9,2694.6,NA,20842,71.134
01-05-1963,NA,5.9,3,2705,NA,20842,71.134
01-06-1963,NA,5.6,2.99,2718.6,NA,20842,71.134
01-07-1963,NA,5.6,3.02,2721.6,NA,21219,71.134
01-08-1963,NA,5.4,3.49,2732.5,NA,21219,71.134
01-09-1963,NA,5.5,3.48,2752.9,NA,21219,71.134
01-10-1963,NA,5.5,3.5,2768.9,NA,21276,71.134
01-11-1963,NA,5.7,3.48,2774.7,NA,21276,71.134
01-12-1963,NA,5.5,3.38,2797.1,NA,21276,71.134
01-01-1964,NA,5.6,3.48,2806.4,NA,21657,71.508
01-02-1964,NA,5.4,3.48,2815.3,NA,21657,71.508
01-03-1964,NA,5.4,3.43,2882.1,NA,21657,71.508
01-04-1964,NA,5.3,3.47,2897.7,NA,21824,71.508
01-05-1964,NA,5.1,3.5,2912.9,NA,21824,71.508
01-06-1964,NA,5.2,3.5,2922.5,NA,21824,71.508
01-07-1964,NA,4.9,3.42,2936.4,NA,22085,71.508
01-08-1964,NA,5,3.5,2949.4,NA,22085,71.508
01-09-1964,NA,5.1,3.45,2961.1,NA,22085,71.508
01-10-1964,NA,5.1,3.36,2960.2,NA,22075,71.508
01-11-1964,NA,4.8,3.52,2979.4,NA,22075,71.508
01-12-1964,NA,5,3.85,3008,NA,22075,71.508
01-01-1965,NA,4.9,3.9,3013.8,NA,22547,71.879
01-02-1965,NA,5.1,3.98,3014.5,NA,22547,71.879
01-03-1965,NA,4.7,4.05,3024.6,NA,22547,71.879
01-04-1965,NA,4.8,4.09,3027.8,NA,22770,71.879
01-05-1965,NA,4.6,4.1,3061.4,NA,22770,71.879
01-06-1965,NA,4.6,4.05,3065.8,NA,22770,71.879
01-07-1965,NA,4.4,4.09,3097.8,NA,23198,71.879
01-08-1965,NA,4.4,4.12,3113.1,NA,23198,71.879
01-09-1965,NA,4.3,4.02,3194.5,NA,23198,71.879
01-10-1965,NA,4.2,4.08,3178.9,NA,23656,71.879
01-11-1965,NA,4.1,4.1,3201.4,NA,23656,71.879
01-12-1965,NA,4,4.32,3214.6,NA,23656,71.879
01-01-1966,NA,4,4.42,3216.8,NA,24172,72.247
01-02-1966,NA,3.8,4.6,3230.2,NA,24172,72.247
01-03-1966,NA,3.8,4.66,3242.8,NA,24172,72.247
01-04-1966,NA,3.8,4.67,3230.5,NA,24191,72.247
01-05-1966,NA,3.9,4.9,3235.7,NA,24191,72.247
01-06-1966,NA,3.8,5.17,3249.2,NA,24191,72.247
01-07-1966,NA,3.8,5.3,3260.4,NA,24321,72.247
01-08-1966,NA,3.8,5.53,3277.2,NA,24321,72.247
01-09-1966,NA,3.7,5.4,3296.6,NA,24321,72.247
01-10-1966,NA,3.7,5.53,3307.3,NA,24446,72.247
01-11-1966,NA,3.6,5.76,3322.5,NA,24446,72.247
01-12-1966,NA,3.8,5.4,3319.6,NA,24446,72.247
01-01-1967,NA,3.9,4.94,3353.7,NA,24602,72.612
01-02-1967,NA,3.8,5,3360.2,NA,24602,72.612
01-03-1967,NA,3.8,4.53,3385.5,NA,24602,72.612
01-04-1967,NA,3.8,4.05,3384.5,NA,24556,72.612
01-05-1967,NA,3.8,3.94,3391.3,NA,24556,72.612
01-06-1967,NA,3.9,3.98,3403.8,NA,24556,72.612
01-07-1967,NA,3.8,3.79,3417.4,NA,24719,72.612
01-08-1967,NA,3.8,3.9,3429.7,NA,24719,72.612
01-09-1967,NA,3.8,3.99,3429.3,NA,24719,72.612
01-10-1967,NA,4,3.88,3434.5,NA,24836,72.612
01-11-1967,NA,3.9,4.13,3455.3,NA,24836,72.612
01-12-1967,NA,3.8,4.51,3461.6,NA,24836,72.612
01-01-1968,1257,3.7,4.61,3480.2,NA,25288,72.974
01-02-1968,1174,3.8,4.71,3505.4,NA,25288,72.974
01-03-1968,1323,3.7,5.05,3538.4,NA,25288,72.974
01-04-1968,1328,3.5,5.76,3550.7,NA,25652,72.974
01-05-1968,1367,3.5,6.12,3565.2,NA,25652,72.974
01-06-1968,1184,3.7,6.07,3581.3,NA,25652,72.974
01-07-1968,1370,3.7,6.03,3573.9,NA,25781,72.974
01-08-1968,1279,3.5,6.03,3578.5,NA,25781,72.974
01-09-1968,1397,3.4,5.78,3578.9,NA,25781,72.974
01-10-1968,1348,3.4,5.91,3591.7,NA,25813,72.974
01-11-1968,1367,3.4,5.82,3605.1,NA,25813,72.974
01-12-1968,1390,3.4,6.02,3617.6,NA,25813,72.974
01-01-1969,1257,3.4,6.3,3611,NA,26162,73.333
01-02-1969,1414,3.4,6.61,3611.8,NA,26162,73.333
01-03-1969,1558,3.4,6.79,3618.3,NA,26162,73.333
01-04-1969,1318,3.4,7.41,3613,NA,26181,73.333
01-05-1969,1430,3.4,8.67,3654.1,NA,26181,73.333
01-06-1969,1455,3.5,8.9,3679.9,NA,26181,73.333
01-07-1969,1432,3.5,8.61,3705.6,NA,26281,73.333
01-08-1969,1393,3.5,9.19,3728.3,NA,26281,73.333
01-09-1969,1367,3.7,9.15,3736.6,NA,26281,73.333
01-10-1969,1406,3.7,9,3745.4,NA,26076,73.333
01-11-1969,1404,3.5,8.85,3751.9,NA,26076,73.333
01-12-1969,1402,3.5,8.97,3758.6,NA,26076,73.333
01-01-1970,1434,3.9,8.98,3778.6,NA,25973,73.602
01-02-1970,1430,4.2,8.98,3790.5,NA,25973,73.602
01-03-1970,1317,4.4,7.76,3805,NA,25973,73.602
01-04-1970,1354,4.6,8.1,3846,NA,25929,73.602
01-05-1970,1334,4.8,7.95,3830.3,NA,25929,73.602
01-06-1970,1431,4.9,7.61,3838.2,NA,25929,73.602
01-07-1970,1384,5,7.21,3892.6,NA,26079,73.602
01-08-1970,1609,5.1,6.62,3905.1,NA,26079,73.602
01-09-1970,1383,5.4,6.29,3900.8,NA,26079,73.602
01-10-1970,1437,5.5,6.2,3888.1,NA,25710,73.602
01-11-1970,1457,5.9,5.6,3882.3,NA,25710,73.602
01-12-1970,1437,6.1,4.9,3900,NA,25710,73.602
01-01-1971,1471,5.9,4.14,3959.8,NA,26328,73.613
01-02-1971,1448,5.9,3.72,3965.2,NA,26328,73.613
01-03-1971,1489,6,3.71,3978.2,NA,26328,73.613
01-04-1971,1709,5.9,4.16,3986.5,NA,26394,73.613
01-05-1971,1637,5.9,4.63,4002.6,NA,26394,73.613
01-06-1971,1637,5.9,4.91,4087.3,NA,26394,73.613
01-07-1971,1699,6,5.31,4029.1,NA,26529,73.613
01-08-1971,1896,6.1,5.57,4043.3,NA,26529,73.613
01-09-1971,1804,6,5.55,4067.3,NA,26529,73.613
01-10-1971,1815,5.8,5.2,4080.4,NA,26510,73.613
01-11-1971,1844,6,4.91,4090,NA,26510,73.613
01-12-1971,1895,6,4.14,4110.9,NA,26510,73.613
01-01-1972,1942,5.8,3.51,4090.1,NA,26932,73.623
01-02-1972,2061,5.7,3.3,4115.2,NA,26932,73.623
01-03-1972,1981,5.8,3.83,4132.3,NA,26932,73.623
01-04-1972,1970,5.7,4.17,4130.6,NA,27478,73.623
01-05-1972,1896,5.7,4.27,4160.9,NA,27478,73.623
01-06-1972,1936,5.7,4.46,4174.2,NA,27478,73.623
01-07-1972,1930,5.6,4.55,4204.5,NA,27666,73.623
01-08-1972,2102,5.6,4.81,4243.5,NA,27666,73.623
01-09-1972,2053,5.5,4.87,4260,NA,27666,73.623
01-10-1972,1995,5.6,5.05,4366.9,NA,28055,73.623
01-11-1972,1985,5.3,5.06,4415.4,NA,28055,73.623
01-12-1972,2121,5.2,5.33,4435.1,NA,28055,73.623
01-01-1973,2162,4.9,5.94,4411.9,NA,28687,73.633
01-02-1973,2124,5,6.58,4444.7,NA,28687,73.633
01-03-1973,2196,4.9,7.09,4461,NA,28687,73.633
01-04-1973,2195,5,7.12,4466.7,NA,28935,73.633
01-05-1973,2299,4.9,7.84,4475,NA,28935,73.633
01-06-1973,2258,4.9,8.49,4488.3,NA,28935,73.633
01-07-1973,2066,4.8,10.4,4499,NA,28711,73.633
01-08-1973,2056,4.8,10.5,4484.4,NA,28711,73.633
01-09-1973,2061,4.8,10.78,4507.3,NA,28711,73.633
01-10-1973,2052,4.6,10.01,4546.9,NA,28913,73.633
01-11-1973,1925,4.8,10.03,4554.1,NA,28913,73.633
01-12-1973,1869,4.9,9.95,4537.2,NA,28913,73.633
01-01-1974,1932,5.1,9.65,4504.1,NA,28606,73.643
01-02-1974,1938,5.2,8.97,4470.2,NA,28606,73.643
01-03-1974,1806,5.1,9.35,4438.2,NA,28606,73.643
01-04-1974,1830,5.1,10.51,4435.1,NA,28613,73.643
01-05-1974,1715,5.1,11.31,4430.6,NA,28613,73.643
01-06-1974,1897,5.4,11.93,4421.7,NA,28613,73.643
01-07-1974,1695,5.5,12.92,4438.7,NA,28270,73.643
01-08-1974,1634,5.5,12.01,4432.6,NA,28270,73.643
01-09-1974,1651,5.9,11.34,4428,NA,28270,73.643
01-10-1974,1630,6,10.06,4442.6,NA,28088,73.643
01-11-1974,1590,6.6,9.45,4419,NA,28088,73.643
01-12-1974,1540,7.2,8.53,4419.7,NA,28088,73.643
01-01-1975,1588,8.1,7.13,4417.4,NA,27690,73.653
01-02-1975,1346,8.1,6.24,4420.1,NA,27690,73.653
01-03-1975,1293,8.6,5.54,4424.1,NA,27690,73.653
01-04-1975,1278,8.8,5.49,4505.1,NA,27821,73.653
01-05-1975,1349,9,5.22,4765.1,NA,27821,73.653
01-06-1975,1234,8.8,5.55,4604.9,NA,27821,73.653
01-07-1975,1276,8.6,6.1,4533.9,NA,28214,73.653
01-08-1975,1290,8.4,6.14,4564.1,NA,28214,73.653
01-09-1975,1333,8.4,6.24,4575.2,NA,28214,73.653
01-10-1975,1134,8.4,5.82,4594.3,NA,28520,73.653
01-11-1975,1383,8.3,5.22,4590.9,NA,28520,73.653
01-12-1975,1306,8.2,5.2,4595.3,NA,28520,73.653
01-01-1976,1258,7.9,4.87,4625.1,NA,29099,73.663
01-02-1976,1311,7.7,4.77,4653.7,NA,29099,73.663
01-03-1976,1347,7.6,4.84,4667.6,NA,29099,73.663
01-04-1976,1332,7.7,4.82,4673.7,NA,29250,73.663
01-05-1976,1440,7.4,5.29,4673.8,NA,29250,73.663
01-06-1976,1390,7.6,5.48,4678.3,NA,29250,73.663
01-07-1976,1322,7.8,5.31,4705.1,NA,29335,73.663
01-08-1976,1374,7.8,5.29,4714.6,NA,29335,73.663
01-09-1976,1371,7.6,5.25,4715.6,NA,29335,73.663
01-10-1976,1388,7.7,5.02,4707.4,NA,29469,73.663
01-11-1976,1428,7.8,4.95,4749.8,NA,29469,73.663
01-12-1976,1457,7.8,4.65,4767.9,NA,29469,73.663
01-01-1977,1457,7.5,4.61,4758.3,NA,29749,73.673
01-02-1977,1655,7.6,4.68,4716.2,NA,29749,73.673
01-03-1977,1619,7.4,4.69,4782.4,NA,29749,73.673
01-04-1977,1548,7.2,4.73,4789.7,NA,30254,73.673
01-05-1977,1555,7,5.35,4790.6,NA,30254,73.673
01-06-1977,1636,7.2,5.39,4810.5,NA,30254,73.673
01-07-1977,1687,6.9,5.42,4841.6,NA,30713,73.673
01-08-1977,1673,7,5.9,4861.2,NA,30713,73.673
01-09-1977,1865,6.8,6.14,4887.8,NA,30713,73.673
01-10-1977,1675,6.8,6.47,4923.4,NA,30626,73.673
01-11-1977,1770,6.8,6.51,4962.7,NA,30626,73.673
01-12-1977,1634,6.4,6.56,4983.5,NA,30626,73.673
01-01-1978,1777,6.4,6.7,4962,NA,30653,73.682
01-02-1978,1719,6.3,6.78,4991.5,NA,30653,73.682
01-03-1978,1785,6.3,6.79,5033,NA,30653,73.682
01-04-1978,1843,6.1,6.89,5050.5,NA,31757,73.682
01-05-1978,1850,6,7.36,5047.2,NA,31757,73.682
01-06-1978,1905,5.9,7.6,5047.5,NA,31757,73.682
01-07-1978,1957,6.2,7.81,5072.8,NA,31982,73.682
01-08-1978,1976,5.9,8.04,5094.2,NA,31982,73.682
01-09-1978,1944,6,8.45,5095.8,NA,31982,73.682
01-10-1978,1885,5.8,8.96,5109.5,NA,32318,73.682
01-11-1978,1877,5.9,9.76,5114.1,NA,32318,73.682
01-12-1978,1844,6,10.03,5139.6,NA,32318,73.682
01-01-1979,1850,5.9,10.07,5164,NA,32294,73.692
01-02-1979,1845,5.9,10.06,5184.7,NA,32294,73.692
01-03-1979,1946,5.8,10.09,5198.5,NA,32294,73.692
01-04-1979,1866,5.8,10.01,5156.1,NA,32244,73.692
01-05-1979,2007,5.6,10.24,5132.2,NA,32244,73.692
01-06-1979,1853,5.7,10.29,5118.9,NA,32244,73.692
01-07-1979,1759,5.7,10.47,5156.2,NA,32386,73.692
01-08-1979,1779,6,10.94,5163.7,NA,32386,73.692
01-09-1979,1983,5.9,11.43,5159.3,NA,32386,73.692
01-10-1979,1832,6,13.77,5156.6,NA,32366,73.692
01-11-1979,1892,5.9,13.18,5171.2,NA,32366,73.692
01-12-1979,1863,6,13.78,5182.2,NA,32366,73.692
01-01-1980,1794,6.3,13.82,5218.8,NA,32377,73.738
01-02-1980,1803,6.3,14.13,5191.3,NA,32377,73.738
01-03-1980,1701,6.3,17.19,5159,NA,32377,73.738
01-04-1980,1751,6.9,17.61,5153.4,NA,31621,73.738
01-05-1980,1532,7.5,10.98,5134.3,NA,31621,73.738
01-06-1980,1480,7.6,9.47,5145.1,NA,31621,73.738
01-07-1980,1472,7.8,9.03,5189.8,NA,31489,73.738
01-08-1980,1440,7.7,9.61,5194.8,NA,31489,73.738
01-09-1980,1267,7.5,10.87,5216.6,NA,31489,73.738
01-10-1980,1272,7.5,12.81,5257.1,NA,31990,73.738
01-11-1980,1313,7.5,15.85,5264.5,NA,31990,73.738
01-12-1980,1378,7.2,18.9,5288.4,NA,31990,73.738
01-01-1981,1270,7.5,19.08,5267.1,NA,32550,73.89
01-02-1981,1395,7.4,15.93,5250.2,NA,32550,73.89
01-03-1981,1377,7.4,14.7,5264.4,NA,32550,73.89
01-04-1981,1469,7.2,15.72,5249,NA,32236,73.89
01-05-1981,1246,7.5,18.52,5258.8,NA,32236,73.89
01-06-1981,1350,7.5,19.1,5287.2,NA,32236,73.89
01-07-1981,1337,7.2,19.04,5370.5,NA,32533,73.89
01-08-1981,1222,7.4,17.82,5386.1,NA,32533,73.89
01-09-1981,1221,7.6,15.87,5376.3,NA,32533,73.89
01-10-1981,1206,7.9,15.08,5382.3,NA,32095,73.89
01-11-1981,1074,8.3,13.31,5385,NA,32095,73.89
01-12-1981,1129,8.5,12.37,5377.6,NA,32095,73.89
01-01-1982,1052,8.6,13.22,5384.7,NA,31529,74.042
01-02-1982,935,8.9,14.78,5399.5,NA,31529,74.042
01-03-1982,965,9,14.68,5398.9,NA,31529,74.042
01-04-1982,979,9.3,14.94,5452.7,NA,31603,74.042
01-05-1982,1060,9.4,14.45,5430.3,NA,31603,74.042
01-06-1982,930,9.6,14.15,5400.9,NA,31603,74.042
01-07-1982,1006,9.8,12.59,5450.4,NA,31402,74.042
01-08-1982,985,9.8,10.12,5459.3,NA,31402,74.042
01-09-1982,947,10.1,10.31,5457.7,NA,31402,74.042
01-10-1982,1059,10.4,9.71,5452.2,NA,31337,74.042
01-11-1982,1079,10.8,9.2,5474.3,NA,31337,74.042
01-12-1982,1047,10.8,8.95,5500.9,NA,31337,74.042
01-01-1983,1187,10.4,8.68,5520,NA,31686,74.194
01-02-1983,1135,10.4,8.51,5522.6,NA,31686,74.194
01-03-1983,1168,10.3,8.77,5549.2,NA,31686,74.194
01-04-1983,1197,10.2,8.8,5561.3,NA,32340,74.194
01-05-1983,1300,10.1,8.63,5572.5,NA,32340,74.194
01-06-1983,1344,10.1,8.98,5576.8,NA,32340,74.194
01-07-1983,1410,9.4,9.37,5647,NA,32906,74.194
01-08-1983,1711,9.5,9.56,5635.9,NA,32906,74.194
01-09-1983,1493,9.2,9.45,5676.2,NA,32906,74.194
01-10-1983,1586,8.8,9.48,5726.4,NA,33513,74.194
01-11-1983,1462,8.5,9.34,5775,NA,33513,74.194
01-12-1983,1509,8.3,9.47,5825.9,NA,33513,74.194
01-01-1984,1595,8,9.56,5851.3,NA,34103,74.344
01-02-1984,1562,7.8,9.59,5884.8,NA,34103,74.344
01-03-1984,1600,7.8,9.91,5922.6,NA,34103,74.344
01-04-1984,1683,7.7,10.29,5962.5,NA,34622,74.344
01-05-1984,1732,7.4,10.32,5971,NA,34622,74.344
01-06-1984,1714,7.2,11.06,6010.3,NA,34622,74.344
01-07-1984,1692,7.5,11.23,6017.6,NA,34871,74.344
01-08-1984,1685,7.5,11.64,6058.5,NA,34871,74.344
01-09-1984,1642,7.3,11.3,6101.7,NA,34871,74.344
01-10-1984,1633,7.4,9.99,6079.2,NA,35072,74.344
01-11-1984,1611,7.2,9.43,6105.7,NA,35072,74.344
01-12-1984,1629,7.3,8.38,6143.3,NA,35072,74.344
01-01-1985,1646,7.3,8.35,6141.6,NA,35346,74.494
01-02-1985,1772,7.2,8.5,6085.2,NA,35346,74.494
01-03-1985,1715,7.2,8.58,6057.8,NA,35346,74.494
01-04-1985,1630,7.3,8.27,6159.5,NA,35582,74.494
01-05-1985,1665,7.2,7.97,6310.8,NA,35582,74.494
01-06-1985,1791,7.4,7.53,6178.9,NA,35582,74.494
01-07-1985,1693,7.4,7.88,6192.8,NA,36033,74.494
01-08-1985,1685,7.1,7.9,6189,NA,36033,74.494
01-09-1985,1806,7.1,7.92,6216.2,NA,36033,74.494
01-10-1985,1565,7.1,7.99,6247.8,NA,36210,74.494
01-11-1985,1749,7,8.05,6258.1,NA,36210,74.494
01-12-1985,1732,7,8.27,6296.4,NA,36210,74.494
01-01-1986,1723,6.7,8.14,6308.5,NA,36476,74.644
01-02-1986,1753,7.2,7.86,6341.7,NA,36476,74.644
01-03-1986,1756,7.2,7.48,6406.5,NA,36476,74.644
01-04-1986,1685,7.1,6.99,6430.4,NA,36563,74.644
01-05-1986,1833,7.2,6.85,6435.8,NA,36563,74.644
01-06-1986,1672,7.2,6.92,6429.8,NA,36563,74.644
01-07-1986,1722,7,6.56,6461.8,NA,36822,74.644
01-08-1986,1763,6.9,6.17,6469.4,NA,36822,74.644
01-09-1986,1732,7,5.89,6472.9,NA,36822,74.644
01-10-1986,1782,7,5.85,6466,NA,36931,74.644
01-11-1986,1793,6.9,6.04,6466.7,NA,36931,74.644
01-12-1986,1840,6.6,6.91,6473.8,NA,36931,74.644
01-01-1987,1862,6.6,6.43,6494.2,63.965,37132,74.793
01-02-1987,1771,6.6,6.1,6525,64.424,37132,74.793
01-03-1987,1694,6.6,6.13,6530.5,64.736,37132,74.793
01-04-1987,1735,6.3,6.37,6282.3,65.132,37454,74.793
01-05-1987,1713,6.3,6.85,6537,65.563,37454,74.793
01-06-1987,1635,6.2,6.73,6527.6,66.071,37454,74.793
01-07-1987,1685,6.1,6.58,6545.8,66.507,37685,74.793
01-08-1987,1624,6,6.73,6574,66.938,37685,74.793
01-09-1987,1587,5.9,7.22,6575.3,67.33,37685,74.793
01-10-1987,1577,6,7.29,6619.6,67.739,38238,74.793
01-11-1987,1578,5.8,6.69,6648.1,68.107,38238,74.793
01-12-1987,1632,5.7,6.77,6711.5,68.506,38238,74.793
01-01-1988,1554,5.7,6.83,6730.2,68.858,38359,74.942
01-02-1988,1450,5.7,6.58,6773.5,69.263,38359,74.942
01-03-1988,1600,5.7,6.58,6804.3,69.64,38359,74.942
01-04-1988,1615,5.4,6.87,6830.1,69.977,38782,74.942
01-05-1988,1483,5.6,7.09,6841.7,70.426,38782,74.942
01-06-1988,1512,5.4,7.51,6868.5,70.889,38782,74.942
01-07-1988,1527,5.4,7.75,6898.2,71.354,38908,74.942
01-08-1988,1551,5.6,8.01,6918.4,71.799,38908,74.942
01-09-1988,1531,5.4,8.19,6932.4,72.24,38908,74.942
01-10-1988,1529,5.4,8.3,6969.9,72.635,39328,74.942
01-11-1988,1407,5.3,8.35,6971.9,73.071,39328,74.942
01-12-1988,1547,5.3,8.76,7005.2,73.466,39328,74.942
01-01-1989,1561,5.4,9.12,7033.4,73.946,39648,75.089
01-02-1989,1597,5.2,9.36,7052.7,74.382,39648,75.089
01-03-1989,1442,5,9.85,7087.1,74.778,39648,75.089
01-04-1989,1542,5.2,9.84,7050,75.086,39861,75.089
01-05-1989,1449,5.2,9.81,7017.2,75.306,39861,75.089
01-06-1989,1346,5.3,9.53,7036.7,75.479,39861,75.089
01-07-1989,1386,5.2,9.24,7061.3,75.657,40046,75.089
01-08-1989,1429,5.2,8.99,7080,75.835,40046,75.089
01-09-1989,1338,5.3,9.02,7101.4,76.056,40046,75.089
01-10-1989,1333,5.3,8.84,7136.8,76.283,40015,75.089
01-11-1989,1475,5.4,8.55,7144,76.521,40015,75.089
01-12-1989,1304,5.4,8.45,7144.7,76.705,40015,75.089
01-01-1990,1508,5.4,8.23,7187.4,76.897,40361,75.3
01-02-1990,1352,5.3,8.24,7203.3,77.053,40361,75.3
01-03-1990,1345,5.2,8.28,7206.1,77.201,40361,75.3
01-04-1990,1332,5.4,8.26,7253.4,77.278,40382,75.3
01-05-1990,1351,5.4,8.18,7245.8,77.297,40382,75.3
01-06-1990,1263,5.2,8.29,7257.3,77.258,40382,75.3
01-07-1990,1295,5.5,8.15,7283.7,77.139,40266,75.3
01-08-1990,1307,5.7,8.13,7239.1,77.008,40266,75.3
01-09-1990,1312,5.9,8.2,7236.8,76.85,40266,75.3
01-10-1990,1282,5.9,8.11,7178.7,76.699,39759,75.3
01-11-1990,1248,6.2,7.81,7181.9,76.37,39759,75.3
01-12-1990,1173,6.3,7.31,7224.7,76.185,39759,75.3
01-01-1991,1149,6.4,6.91,7205.7,75.915,39451,75.701
01-02-1991,1090,6.6,6.25,7216.8,75.734,39451,75.701
01-03-1991,1176,6.8,6.12,7229.1,75.57,39451,75.701
01-04-1991,1093,6.7,5.91,7258,75.565,39632,75.701
01-05-1991,1070,6.9,5.78,7259.5,75.765,39632,75.701
01-06-1991,1093,6.9,5.9,7296.7,75.993,39632,75.701
01-07-1991,1076,6.8,5.82,7282,76.082,39691,75.701
01-08-1991,1050,6.9,5.66,7298.3,76.109,39691,75.701
01-09-1991,1216,6.9,5.45,7317.7,76.192,39691,75.701
01-10-1991,1076,7,5.21,7328,76.074,39694,75.701
01-11-1991,1013,7,4.81,7338.4,76.014,39694,75.701
01-12-1991,1002,7.3,4.43,7403.6,76.056,39694,75.701
01-01-1992,1061,7.3,4.03,7474.8,76.087,40051,76.097
01-02-1992,1098,7.4,4.06,7507.2,76.156,40051,76.097
01-03-1992,1128,7.4,3.98,7513.8,76.278,40051,76.097
01-04-1992,1083,7.4,3.73,7535,76.346,40350,76.097
01-05-1992,1187,7.6,3.82,7570.2,76.399,40350,76.097
01-06-1992,1189,7.8,3.76,7601.6,76.332,40350,76.097
01-07-1992,1251,7.7,3.25,7595.9,76.264,40599,76.097
01-08-1992,1140,7.6,3.3,7622.6,76.231,40599,76.097
01-09-1992,1123,7.6,3.22,7586.9,76.239,40599,76.097
01-10-1992,1139,7.3,3.1,7537.9,76.376,40881,76.097
01-11-1992,1224,7.4,3.09,7549.3,76.559,40881,76.097
01-12-1992,1199,7.4,2.92,7818.6,76.674,40881,76.097
01-01-1993,1135,7.3,3.02,7648.1,76.784,40829,76.488
01-02-1993,1236,7.1,3.03,7684.5,76.837,40829,76.488
01-03-1993,1105,7,3.07,7660.8,76.867,40829,76.488
01-04-1993,1216,7.1,2.96,7700.6,76.936,40942,76.488
01-05-1993,1111,7.1,3,7689.4,77.037,40942,76.488
01-06-1993,1193,7,3.04,7675.1,77.243,40942,76.488
01-07-1993,1090,6.9,3.06,7694.3,77.429,40997,76.488
01-08-1993,1264,6.8,3.03,7705.4,77.613,40997,76.488
01-09-1993,1172,6.7,3.09,7684.4,77.795,40997,76.488
01-10-1993,1246,6.8,2.99,7646.9,77.942,41423,76.488
01-11-1993,1235,6.6,3.02,7668.1,78.148,41423,76.488
01-12-1993,1289,6.5,2.96,7929.4,78.326,41423,76.488
01-01-1994,1228,6.6,3.05,7780.4,78.591,41713,76.875
01-02-1994,1353,6.6,3.25,7795,78.727,41713,76.875
01-03-1994,1257,6.5,3.34,7820.5,78.856,41713,76.875
01-04-1994,1374,6.4,3.56,7820.4,78.988,42154,76.875
01-05-1994,1430,6.1,4.01,7910.6,79.222,42154,76.875
01-06-1994,1336,6.1,4.25,7898.1,79.423,42154,76.875
01-07-1994,1281,6.1,4.26,7905,79.595,42264,76.875
01-08-1994,1348,6,4.47,7914.4,79.781,42264,76.875
01-09-1994,1414,5.9,4.73,7949,79.919,42264,76.875
01-10-1994,1378,5.8,4.76,8024.4,80.065,42618,76.875
01-11-1994,1365,5.6,5.29,8023.9,80.15,42618,76.875
01-12-1994,1386,5.5,5.45,8060.2,80.296,42618,76.875
01-01-1995,1423,5.6,5.53,8086,80.427,42654,77.257
01-02-1995,1294,5.4,5.92,8102,80.528,42654,77.257
01-03-1995,1413,5.4,5.98,8124.2,80.599,42654,77.257
01-04-1995,1342,5.8,6.05,8064,80.661,42660,77.257
01-05-1995,1326,5.6,6.01,8145.6,80.704,42660,77.257
01-06-1995,1242,5.6,6,8169.8,80.785,42660,77.257
01-07-1995,1352,5.7,5.85,8187.8,80.938,42885,77.257
01-08-1995,1265,5.7,5.74,8193,81.11,42885,77.257
01-09-1995,1279,5.6,5.8,8219.4,81.307,42885,77.257
01-10-1995,1335,5.5,5.76,8228.4,81.482,43044,77.257
01-11-1995,1360,5.6,5.8,8250.5,81.619,43044,77.257
01-12-1995,1200,5.6,5.6,8261.3,81.737,43044,77.257
01-01-1996,1402,5.6,5.56,8272.1,81.834,43259,77.636
01-02-1996,1317,5.5,5.22,8335.8,81.953,43259,77.636
01-03-1996,1369,5.5,5.31,8362.4,82.194,43259,77.636
01-04-1996,1327,5.6,5.22,8311.8,82.421,43856,77.636
01-05-1996,1423,5.6,5.24,8416.8,82.61,43856,77.636
01-06-1996,1437,5.3,5.27,8467.1,82.752,43856,77.636
01-07-1996,1453,5.5,5.4,8444,82.929,44105,77.636
01-08-1996,1468,5.1,5.22,8464.7,83.086,44105,77.636
01-09-1996,1379,5.2,5.3,8483.9,83.257,44105,77.636
01-10-1996,1392,5.2,5.24,8482.7,83.377,44421,77.636
01-11-1996,1413,5.4,5.31,8505.1,83.553,44421,77.636
01-12-1996,1487,5.4,5.29,8533.1,83.722,44421,77.636
01-01-1997,1377,5.3,5.25,8556.4,83.956,44590,78.008
01-02-1997,1545,5.2,5.19,8579.2,84.181,44590,78.008
01-03-1997,1445,5.2,5.39,8619,84.453,44590,78.008
01-04-1997,1438,5.1,5.51,8624.5,84.623,45203,78.008
01-05-1997,1400,4.9,5.5,8661.9,84.862,45203,78.008
01-06-1997,1315,5,5.56,8689.7,85.08,45203,78.008
01-07-1997,1313,4.9,5.52,8723.1,85.331,45616,78.008
01-08-1997,1332,4.8,5.54,8768.6,85.573,45616,78.008
01-09-1997,1442,4.9,5.54,8791.5,85.851,45616,78.008
01-10-1997,1396,4.7,5.5,8834.8,86.147,45862,78.008
01-11-1997,1420,4.6,5.52,8892.2,86.633,45862,78.008
01-12-1997,1428,4.7,5.5,8944.3,87.093,45862,78.008
01-01-1998,1316,4.6,5.56,9022.9,87.615,46204,78.377
01-02-1998,1441,4.6,5.51,9081.2,88.003,46204,78.377
01-03-1998,1477,4.7,5.49,9134.4,88.442,46204,78.377
01-04-1998,1498,4.3,5.45,9164.1,88.879,46504,78.377
01-05-1998,1465,4.4,5.49,9202,89.364,46504,78.377
01-06-1998,1467,4.5,5.56,9254.2,89.845,46504,78.377
01-07-1998,1552,4.5,5.54,9270,90.31,46943,78.377
01-08-1998,1521,4.5,5.55,9299.3,90.786,46943,78.377
01-09-1998,1452,4.6,5.51,9325.5,91.258,46943,78.377
01-10-1998,1452,4.5,5.07,9337.5,91.717,47555,78.377
01-11-1998,1604,4.4,4.83,9374.6,92.199,47555,78.377
01-12-1998,1433,4.4,4.68,9391.7,92.712,47555,78.377
01-01-1999,1599,4.3,4.63,9444.1,93.208,47880,78.742
01-02-1999,1459,4.4,4.76,9476.2,93.672,47880,78.742
01-03-1999,1673,4.2,4.81,9484.1,94.218,47880,78.742
01-04-1999,1580,4.3,4.74,9453,94.785,48148,78.742
01-05-1999,1623,4.2,4.74,9469.3,95.344,48148,78.742
01-06-1999,1648,4.3,4.76,9501.3,95.975,48148,78.742
01-07-1999,1597,4.3,4.99,9519,96.592,48632,78.742
01-08-1999,1563,4.2,5.07,9559.1,97.219,48632,78.742
01-09-1999,1643,4.2,5.22,9546.7,97.863,48632,78.742
01-10-1999,1593,4.1,5.2,9598.7,98.523,49281,78.742
01-11-1999,1596,4.1,5.42,9660.9,99.154,49281,78.742
01-12-1999,1659,4,5.3,9735.9,99.845,49281,78.742
01-01-2000,1574,4,5.45,9799.9,100.551,49335,79.057
01-02-2000,1677,4.1,5.73,9837.9,101.339,49335,79.057
01-03-2000,1704,4,5.85,9864,102.127,49335,79.057
01-04-2000,1610,3.8,6.02,9913.7,102.922,50109,79.057
01-05-2000,1682,4,6.27,9954.5,103.678,50109,79.057
01-06-2000,1530,4,6.53,9982.3,104.424,50109,79.057
01-07-2000,1495,4,6.54,10035.9,105.054,50024,79.057
01-08-2000,1573,4.1,6.5,10098.3,105.768,50024,79.057
01-09-2000,1528,3.9,6.52,10110.3,106.538,50024,79.057
01-10-2000,1513,3.9,6.51,10139.2,107.382,50190,79.057
01-11-2000,1539,3.9,6.51,10143.5,108.302,50190,79.057
01-12-2000,1521,3.9,6.4,10164.3,109.14,50190,79.057
01-01-2001,1456,4.2,5.98,10211.7,109.846,49911,79.234
01-02-2001,1536,4.2,5.49,10223.4,110.5,49911,79.234
01-03-2001,1470,4.3,5.31,10254.4,111.109,49911,79.234
01-04-2001,1574,4.4,4.8,10233.1,111.652,50105,79.234
01-05-2001,1497,4.3,4.21,10214.7,112.164,50105,79.234
01-06-2001,1654,4.5,3.97,10218.1,112.796,50105,79.234
01-07-2001,1582,4.6,3.77,10370.7,113.491,49774,79.234
01-08-2001,1615,4.9,3.65,10543.1,114.167,49774,79.234
01-09-2001,1551,5,3.07,10452.8,114.812,49774,79.234
01-10-2001,1599,5.3,2.49,10267.7,115.31,49783,79.234
01-11-2001,1555,5.5,2.09,10279.7,115.857,49783,79.234
01-12-2001,1693,5.7,1.82,10298.9,116.455,49783,79.234
01-01-2002,1632,5.7,1.73,10514.7,117.144,50091,79.409
01-02-2002,1671,5.7,1.74,10531.6,117.845,50091,79.409
01-03-2002,1559,5.7,1.73,10539,118.687,50091,79.409
01-04-2002,1625,5.9,1.75,10574.2,119.611,50286,79.409
01-05-2002,1705,5.8,1.75,10616.5,120.724,50286,79.409
01-06-2002,1589,5.8,1.75,10648.2,121.813,50286,79.409
01-07-2002,1615,5.8,1.73,10621,122.888,50362,79.409
01-08-2002,1722,5.7,1.74,10623,123.83,50362,79.409
01-09-2002,1641,5.7,1.75,10633.6,124.78,50362,79.409
01-10-2002,1601,5.7,1.75,10661.8,125.735,50302,79.409
01-11-2002,1718,5.9,1.34,10690.9,126.67,50302,79.409
01-12-2002,1671,6,1.24,10719.9,127.624,50302,79.409
01-01-2003,1654,5.8,1.24,10710.4,128.461,50462,79.583
01-02-2003,1688,5.9,1.26,10674,129.355,50462,79.583
01-03-2003,1638,5.9,1.25,10696.5,130.148,50462,79.583
01-04-2003,1662,6,1.26,10752.7,130.884,50796,79.583
01-05-2003,1733,6.1,1.26,10832,131.735,50796,79.583
01-06-2003,1641,6.3,1.22,10860.6,132.649,50796,79.583
01-07-2003,1680,6.2,1.01,10991.1,133.777,51512,79.583
01-08-2003,1570,6.1,1.03,11066.7,134.969,51512,79.583
01-09-2003,1719,6.1,1.01,10940.8,136.294,51512,79.583
01-10-2003,1728,6,1.01,10982.3,137.531,51986,79.583
01-11-2003,1692,5.8,1,11048.4,138.794,51986,79.583
01-12-2003,1716,5.7,0.98,11057.2,140.179,51986,79.583
01-01-2004,1709,5.7,1,11051.2,141.646,52179,79.757
01-02-2004,1718,5.6,1.01,11071,143.192,52179,79.757
01-03-2004,1794,5.8,1,11115.6,145.059,52179,79.757
01-04-2004,1938,5.6,1,11153.3,146.593,52469,79.757
01-05-2004,1893,5.6,1,11208.9,148.186,52469,79.757
01-06-2004,1857,5.6,1.03,11215.8,149.85,52469,79.757
01-07-2004,1881,5.5,1.26,11240.5,151.338,52835,79.757
01-08-2004,1911,5.4,1.43,11274.6,152.633,52835,79.757
01-09-2004,1796,5.4,1.61,11279.6,154.179,52835,79.757
01-10-2004,1839,5.5,1.76,11282.5,155.75,53242,79.757
01-11-2004,1758,5.4,1.93,11246.1,157.527,53242,79.757
01-12-2004,1921,5.4,2.16,11659,159.33,53242,79.757
01-01-2005,1892,5.3,2.28,11226.5,161.288,53719,79.928
01-02-2005,1908,5.4,2.5,11229,163.344,53719,79.928
01-03-2005,1787,5.2,2.63,11268.8,165.812,53719,79.928
01-04-2005,1927,5.2,2.79,11304.2,167.501,53868,79.928
01-05-2005,2103,5.1,3,11352.7,169.351,53868,79.928
01-06-2005,1965,5,3.04,11375.5,171.19,53868,79.928
01-07-2005,1886,5,3.26,11387.1,172.86,54153,79.928
01-08-2005,1952,4.9,3.5,11405.3,174.442,54153,79.928
01-09-2005,1922,5,3.62,11365.2,176.438,54153,79.928
01-10-2005,1962,5,3.78,11428.7,178.028,54317,79.928
01-11-2005,1907,5,4,11500.1,179.68,54317,79.928
01-12-2005,1941,4.9,4.16,11535.2,180.91,54317,79.928
01-01-2006,2036,4.7,4.29,11651.8,182.321,54927,80.099
01-02-2006,2048,4.8,4.49,11702.8,183.287,54927,80.099
01-03-2006,2245,4.7,4.59,11747.5,184.364,54927,80.099
01-04-2006,2071,4.7,4.79,11744.4,184.329,54945,80.099
01-05-2006,1897,4.6,4.94,11736.8,184.156,54945,80.099
01-06-2006,2050,4.6,4.99,11751.9,183.507,54945,80.099
01-07-2006,1934,4.7,5.24,11746.9,183.068,54886,80.099
01-08-2006,1877,4.7,5.25,11737,182.594,54886,80.099
01-09-2006,2011,4.5,5.25,11800.1,182.798,54886,80.099
01-10-2006,1918,4.4,5.25,11853.7,183.198,55216,80.099
01-11-2006,1893,4.5,5.25,11901.9,183.609,55216,80.099
01-12-2006,1888,4.4,5.24,11958.6,184.139,55216,80.099
01-01-2007,1822,4.6,5.25,11956.6,184.517,55260,80.269
01-02-2007,1640,4.5,5.26,11996,184.598,55260,80.269
01-03-2007,1623,4.4,5.26,12035.1,184.15,55260,80.269
01-04-2007,1539,4.5,5.25,12052.8,183.01,55474,80.269
01-05-2007,1536,4.4,5.25,12059.9,181.6,55474,80.269
01-06-2007,1481,4.6,5.25,12053.3,180.254,55474,80.269
01-07-2007,1534,4.7,5.26,12066.4,179.111,55649,80.269
01-08-2007,1512,4.6,5.02,12070.9,178.116,55649,80.269
01-09-2007,1356,4.7,4.94,12089.6,177.558,55649,80.269
01-10-2007,1405,4.7,4.76,12080.4,176.624,55857,80.269
01-11-2007,1390,4.7,4.49,12070.1,175.147,55857,80.269
01-12-2007,1328,5,4.24,12120.5,174.342,55857,80.269
01-01-2008,1331,5,3.94,12137.1,173.132,55497,80.438
01-02-2008,1274,4.9,2.98,12141.8,171.541,55497,80.438
01-03-2008,1195,5.1,2.61,12145.9,170.053,55497,80.438
01-04-2008,1022,5,2.28,12100.8,168.338,55705,80.438
01-05-2008,1142,5.4,1.98,12696.2,166.659,55705,80.438
01-06-2008,1142,5.6,2,12376.6,165.017,55705,80.438
01-07-2008,1087,5.8,2.01,12188.7,163.566,55278,80.438
01-08-2008,1017,6.1,2,12120.6,161.987,55278,80.438
01-09-2008,1160,6.1,1.81,12149,160.308,55278,80.438
01-10-2008,1055,6.5,0.97,12240.5,158.327,53941,80.438
01-11-2008,1076,6.8,0.39,12345.9,156.142,53941,80.438
01-12-2008,1021,7.3,0.16,12288.8,153.619,53941,80.438
01-01-2009,777,7.8,0.15,12361.5,151.507,53221,80.606
01-02-2009,819,8.3,0.22,12241.9,150.015,53221,80.606
01-03-2009,839,8.7,0.18,12242.7,148.66,53221,80.606
01-04-2009,846,9,0.15,12320,147.949,53017,80.606
01-05-2009,818,9.4,0.18,12500.1,147.694,53017,80.606
01-06-2009,797,9.5,0.21,12273.2,148.09,53017,80.606
01-07-2009,797,9.5,0.16,12218.7,148.41,53081,80.606
01-08-2009,792,9.6,0.16,12194.8,148.278,53081,80.606
01-09-2009,721,9.8,0.15,12230.6,148.025,53081,80.606
01-10-2009,746,10,0.12,12193.2,147.85,53531,80.606
01-11-2009,844,9.9,0.12,12224.4,148.134,53531,80.606
01-12-2009,750,9.9,0.12,12280.2,147.929,53531,80.606
01-01-2010,689,9.8,0.11,12285.8,147.396,53683,80.772
01-02-2010,670,9.8,0.13,12292,145.631,53683,80.772
01-03-2010,635,9.9,0.16,12340.3,145.859,53683,80.772
01-04-2010,737,9.9,0.2,12447.1,146.403,54100,80.772
01-05-2010,702,9.6,0.2,12540.3,146.394,54100,80.772
01-06-2010,894,9.4,0.18,12544.3,145.721,54100,80.772
01-07-2010,572,9.4,0.18,12554.2,144.991,54401,80.772
01-08-2010,592,9.5,0.19,12591.4,143.916,54401,80.772
01-09-2010,632,9.5,0.19,12589.9,143.019,54401,80.772
01-10-2010,605,9.4,0.19,12592.5,142.531,54569,80.772
01-11-2010,552,9.8,0.19,12605.1,142.173,54569,80.772
01-12-2010,565,9.3,0.18,12680.6,142.06,54569,80.772
01-01-2011,520,9.1,0.17,12740.1,141.521,54341,80.944
01-02-2011,615,9,0.16,12776.6,140.35,54341,80.944
01-03-2011,591,9,0.14,12742.7,139.981,54341,80.944
01-04-2011,549,9.1,0.1,12721.3,140.01,54610,80.944
01-05-2011,549,9,0.09,12705.3,139.905,54610,80.944
01-06-2011,579,9.1,0.09,12756.9,139.862,54610,80.944
01-07-2011,634,9,0.07,12805.6,139.73,54482,80.944
01-08-2011,614,9,0.1,12799.7,139.309,54482,80.944
01-09-2011,603,9,0.08,12781.7,138.668,54482,80.944
01-10-2011,566,8.8,0.07,12791.9,137.952,54979,80.944
01-11-2011,585,8.6,0.08,12782.7,137.152,54979,80.944
01-12-2011,610,8.5,0.07,12898.5,136.674,54979,80.944
01-01-2012,545,8.3,0.08,12967.5,136.607,55342,81.119
01-02-2012,561,8.3,0.1,13029.6,136.533,55342,81.119
01-03-2012,582,8.2,0.13,13066.4,137.904,55342,81.119
01-04-2012,671,8.2,0.14,13116.5,139.154,55490,81.119
01-05-2012,626,8.2,0.16,13112.5,140.155,55490,81.119
01-06-2012,625,8.2,0.16,13097.2,141.029,55490,81.119
01-07-2012,676,8.2,0.16,12999.8,141.669,55454,81.119
01-08-2012,684,8.1,0.13,12961.6,142.279,55454,81.119
01-09-2012,652,7.8,0.14,13053.1,142.908,55454,81.119
01-10-2012,730,7.8,0.16,13142,143.6,55403,81.119
01-11-2012,668,7.7,0.16,13315.7,144.585,55403,81.119
01-12-2012,677,7.9,0.16,13642.7,145.503,55403,81.119
01-01-2013,714,8,0.14,12845.5,146.827,55859,81.299
01-02-2013,729,7.7,0.15,12813.9,147.785,55859,81.299
01-03-2013,816,7.5,0.14,12852.1,149.963,55859,81.299
01-04-2013,712,7.6,0.15,12893.4,151.519,55914,81.299
01-05-2013,708,7.5,0.11,12954.2,152.85,55914,81.299
01-06-2013,736,7.5,0.09,12955.7,154.199,55914,81.299
01-07-2013,784,7.3,0.09,12941.8,155.604,56272,81.299
01-08-2013,765,7.2,0.08,12969.6,156.965,56272,81.299
01-09-2013,776,7.2,0.08,13027.5,158.227,56272,81.299
01-10-2013,801,7.2,0.09,12974.6,159.242,56642,81.299
01-11-2013,839,6.9,0.08,12998.9,160.074,56642,81.299
01-12-2013,778,6.7,0.09,13019.1,160.994,56642,81.299
01-01-2014,838,6.6,0.07,13079.5,161.927,56345,81.483
01-02-2014,876,6.7,0.07,13148,162.526,56345,81.483
01-03-2014,893,6.7,0.08,13219.9,163.086,56345,81.483
01-04-2014,834,6.2,0.09,13270.2,163.393,56968,81.483
01-05-2014,891,6.3,0.09,13312.9,163.66,56968,81.483
01-06-2014,800,6.1,0.1,13360.4,164.062,56968,81.483
01-07-2014,839,6.2,0.09,13386.8,164.577,57536,81.483
01-08-2014,908,6.1,0.09,13445.9,165.215,57536,81.483
01-09-2014,975,5.9,0.09,13486.3,165.905,57536,81.483
01-10-2014,920,5.7,0.09,13550.7,166.642,57702,81.483
01-11-2014,863,5.8,0.09,13624.4,167.335,57702,81.483
01-12-2014,955,5.6,0.12,13719.1,168.05,57702,81.483
01-01-2015,954,5.7,0.11,13797.7,168.634,58121,81.671
01-02-2015,863,5.5,0.11,13848,169.13,58121,81.671
01-03-2015,781,5.4,0.11,13811.3,169.8,58121,81.671
01-04-2015,1001,5.4,0.12,13842,170.298,58376,81.671
01-05-2015,1012,5.6,0.12,13865.6,170.881,58376,81.671
01-06-2015,962,5.3,0.13,13874.1,171.469,58376,81.671
01-07-2015,988,5.2,0.13,13905.7,172.13,58486,81.671
01-08-2015,974,5.1,0.14,13935.8,172.937,58486,81.671
01-09-2015,1040,5,0.14,13972.2,173.828,58486,81.671
01-10-2015,985,5,0.12,13996.9,174.792,58470,81.671
01-11-2015,1000,5.1,0.12,13993.4,175.739,58470,81.671
01-12-2015,1023,5,0.24,14060.2,176.543,58470,81.671
01-01-2016,1056,4.8,0.34,14121.1,177.274,58704,81.862
01-02-2016,1037,4.9,0.38,14135.3,177.649,58704,81.862
01-03-2016,1003,5,0.36,14135.4,178.164,58704,81.862
01-04-2016,945,5.1,0.37,14106.2,178.767,58787,81.862
01-05-2016,1000,4.8,0.37,14095.5,179.43,58787,81.862
01-06-2016,1109,4.9,0.38,14104.9,180.082,58787,81.862
01-07-2016,1072,4.8,0.39,14160.1,180.832,59084,81.862
01-08-2016,1054,4.9,0.4,14176.7,181.852,59084,81.862
01-09-2016,1035,5,0.4,14209.1,182.824,59084,81.862
01-10-2016,1070,4.9,0.4,14235.4,183.751,59296,81.862
01-11-2016,1244,4.7,0.41,14273.6,184.759,59296,81.862
01-12-2016,1101,4.7,0.54,14313.7,185.722,59296,81.862
01-01-2017,1081,4.7,0.65,14373.7,186.805,59494,82.058
01-02-2017,1148,4.6,0.66,14416.8,187.315,59494,82.058
01-03-2017,1147,4.4,0.79,14476.3,187.993,59494,82.058
01-04-2017,1069,4.4,0.9,14509.3,188.725,59736,82.058
01-05-2017,1170,4.4,0.91,14610.7,189.617,59736,82.058
01-06-2017,1236,4.3,1.04,14618.7,190.51,59736,82.058
01-07-2017,1173,4.3,1.15,14660.2,191.452,60099,82.058
01-08-2017,1107,4.4,1.16,14678.3,192.665,60099,82.058
01-09-2017,1113,4.3,1.15,14706,193.759,60099,82.058
01-10-2017,1196,4.2,1.15,14748.6,194.804,60674,82.058
01-11-2017,1182,4.2,1.16,14771.1,195.955,60674,82.058
01-12-2017,1200,4.1,1.3,14797.9,197.172,60674,82.058
01-01-2018,1208,4,1.41,14886.6,198.315,61093,82.256
01-02-2018,1288,4.1,1.42,14921.1,199.232,61093,82.256
01-03-2018,1181,4,1.51,14974.8,199.966,61093,82.256
01-04-2018,1224,4,1.69,15007.2,200.658,61336,82.256
01-05-2018,1262,3.8,1.7,15057.8,201.425,61336,82.256
01-06-2018,1212,4,1.82,15119.3,202.233,61336,82.256
01-07-2018,1150,3.8,1.91,15184.7,202.913,61622,82.256
01-08-2018,1262,3.8,1.91,15238.6,203.689,61622,82.256
01-09-2018,1187,3.7,1.95,15237.5,204.349,61622,82.256
01-10-2018,1122,3.8,2.19,15274.1,205.112,61619,82.256
01-11-2018,1131,3.8,2.2,15315.2,205.669,61619,82.256
01-12-2018,1053,3.9,2.27,15506.5,206.156,61619,82.256
01-01-2019,1258,4,2.4,15501.7,206.539,61889,82.459
01-02-2019,1334,3.8,2.4,15553.7,206.862,61889,82.459
01-03-2019,1301,3.8,2.41,15568.9,207.066,61889,82.459
01-04-2019,1329,3.6,2.42,15524.4,207.513,62331,82.459
01-05-2019,1226,3.7,2.39,15519.6,208.136,62331,82.459
01-06-2019,1169,3.6,2.38,15546.4,208.649,62331,82.459
01-07-2019,1219,3.7,2.4,15565.7,209.287,62945,82.459
01-08-2019,1294,3.7,2.13,15654.1,210.093,62945,82.459
01-09-2019,1150,3.5,2.04,15691.3,210.904,62945,82.459
01-10-2019,1294,3.6,1.83,15718.1,211.791,63257,82.459
01-11-2019,1244,3.6,1.55,15778.2,212.787,63257,82.459
01-12-2019,1310,3.6,1.55,15684.8,213.933,63257,82.459
01-01-2020,1302,3.5,1.55,15852.5,214.994,62333,82.664
01-02-2020,1271,3.5,1.58,15918,215.864,62333,82.664
01-03-2020,1247,4.4,0.65,15696.3,216.402,62333,82.664
01-04-2020,1207,14.7,0.05,18020.2,216.812,57386,82.664
01-05-2020,1171,13.2,0.05,17104.6,216.98,57386,82.664
01-06-2020,1244,11,0.08,17035,217.616,57386,82.664
01-07-2020,1314,10.2,0.09,17193.2,219.378,61806,82.664
01-08-2020,1238,8.4,0.1,16525.8,222.391,61806,82.664
01-09-2020,1446,7.9,0.09,16607.9,225.837,61806,82.664
01-10-2020,1370,6.9,0.09,16561.9,229.753,62414,82.664
01-11-2020,1240,6.7,0.09,16368.1,233.208,62414,82.664
01-12-2020,1386,6.7,0.09,16406.1,236.486,62414,82.664
01-01-2021,1344,6.3,0.09,18107.3,239.56,63227,82.873
01-02-2021,1322,6.2,0.08,16604.9,242.369,63227,82.873
01-03-2021,1459,6.1,0.07,20422.6,245.465,63227,82.873
01-04-2021,1438,6.1,0.07,17316.6,249.07,64157,82.873
01-05-2021,1337,5.8,0.06,16819.1,253.407,64157,82.873
01-06-2021,1298,5.9,0.08,16736.3,258.358,64157,82.873
01-07-2021,1361,5.4,0.1,16836.1,262.82,64615,82.873
01-08-2021,1312,5.2,0.09,16791.7,266.845,64615,82.873
01-09-2021,1232,4.8,0.08,16564.3,270.377,64615,82.873
01-10-2021,1259,4.5,0.08,16547.4,273.725,65651,82.873
01-11-2021,1389,4.2,0.08,16499.8,277.21,65651,82.873
01-12-2021,1337,3.9,0.08,16418.5,281.342,65651,82.873
01-01-2022,1256,4,0.08,16080.8,285.924,65286,83.084
01-02-2022,1371,3.8,0.08,16092.7,291.153,65286,83.084
01-03-2022,1356,3.6,0.2,16028.1,296.445,65286,83.084
01-04-2022,1361,3.6,0.33,16042.6,300.573,65127,83.084
01-05-2022,1446,3.6,0.77,16023.2,303.762,65127,83.084
01-06-2022,1392,3.6,1.21,15963.4,304.724,65127,83.084
01-07-2022,1396,3.5,1.68,16109.3,303.879,65462,83.084
01-08-2022,1355,3.7,2.33,16161.4,301.473,65462,83.084
01-09-2022,1438,3.5,2.56,16184.9,299.353,65462,83.084
01-10-2022,1348,3.7,3.08,16223.5,298.873,65783,83.084
01-11-2022,1543,3.6,3.78,16229.6,298.269,65783,83.084
01-12-2022,1390,3.5,4.1,16265.1,297.413,65783,83.084
01-01-2023,1377,3.4,4.33,16601.9,297.03,66078,83.084
01-02-2023,1577,3.6,4.57,16656.1,297.537,66078,83.084
01-03-2023,1528,3.5,4.65,16730.2,298.637,66078,83.084
01-04-2023,1416,3.4,4.83,16763.9,300.213,66341,83.084
01-05-2023,1534,3.7,5.06,16818.5,302.566,66341,83.084
01-06-2023,1492,3.6,5.08,16809.5,304.593,66341,83.084
01-07-2023,1334,3.5,5.12,16796.9,306.767,67083,83.084
01-08-2023,1370,3.8,5.33,16799.7,309.155,67083,83.084
01-09-2023,1478,3.8,5.33,16804.8,311.175,67083,83.084
01-10-2023,1410,3.9,5.33,16848.7,311.175,67083,83.084
